OwnerUserId_x	OwnerUserId_y
-1	-1
-1	1
-1	2
-1	9
-1	25
-1	33
-1	46
-1	56
-1	58
-1	79
-1	83
-1	90
-1	91
-1	92
-1	101
-1	103
-1	117
-1	131
-1	136
-1	137
-1	145
-1	147
-1	150
-1	173
-1	189
-1	194
-1	195
-1	298
-1	337
-1	340
-1	342
-1	376
-1	381
-1	383
-1	396
-1	491
-1	492
-1	493
-1	507
-1	514
-1	543
-1	571
-1	572
-1	637
-1	659
-1	661
-1	711
-1	721
-1	748
-1	770
-1	784
-1	788
-1	810
-1	813
-1	834
-1	837
-1	841
-1	849
-1	861
-1	889
-1	960
-1	966
-1	988
-1	990
-1	1010
-1	1013
-1	1030
-1	1068
-1	1078
-1	1094
-1	1100
-1	1190
-1	1218
-1	1219
-1	1256
-1	1309
-1	1463
-1	1492
-1	1533
-1	1556
-1	1632
-1	1666
-1	1680
-1	1721
-1	1727
-1	1749
-1	1795
-1	3180
-1	1384652
1	-1
1	1
1	67
1	91
1	150
1	227
1	233
1	285
1	322
1	361
1	380
1	430
1	493
1	805
1	889
1	940
1	1122
1	1659
2	91
3	2
3	230
3	257
4	1467
5	1
5	2
5	9
5	32
5	40
5	81
5	83
5	91
5	93
5	116
5	150
5	184
5	203
5	230
5	285
5	287
5	296
5	299
5	322
5	383
5	392
5	493
5	525
5	556
5	565
5	571
5	637
5	831
5	837
5	841
5	1063
5	1144
5	1358
5	1455
5	1463
5	1469
5	1516
5	1536
5	1384652
9	8
9	26
9	72
9	404
9	1693
13	-1
13	1
13	11
13	13
13	23
13	25
13	85
13	90
13	123
13	145
13	147
13	236
13	322
13	357
13	358
13	381
13	396
13	459
13	493
13	571
13	658
13	716
13	755
13	841
13	1084
13	27687
17	1
17	9
17	17
17	30
17	32
17	34
17	45
17	48
17	49
17	65
17	72
17	83
17	91
17	115
17	117
17	136
17	193
17	234
17	266
17	285
17	296
17	327
17	358
17	369
17	383
17	394
17	395
17	398
17	556
17	571
17	575
17	614
17	615
17	636
17	692
17	700
17	834
17	914
17	940
17	982
17	1030
17	1075
17	1111
17	1144
17	1245
17	1309
17	1358
17	1368
17	1414
17	1463
17	1659
17	1680
17	1693
17	1744
17	1855
17	1946
17	31505
17	1130097
17	1525924
19	9
20	342
20	357
20	375
20	381
20	396
20	547
20	556
20	567
20	849
22	9
22	22
22	26
22	102
22	266
22	518
22	547
22	1088
22	1109
22	1384652
23	-1
23	23
25	25
25	61
25	92
25	117
25	192
25	288
25	307
25	342
25	396
25	406
25	680
25	682
25	1512
25	1599
25	1744
26	5
26	25
26	26
26	50
26	58
26	71
26	83
26	91
26	95
26	106
26	194
26	242
26	350
26	357
26	383
26	437
26	551
26	637
26	668
26	673
26	1185
26	1795
26	1384652
27	27
27	91
27	111
27	230
29	83
29	1212
30	-1
30	30
30	58
30	91
30	116
30	136
30	230
30	242
30	322
30	342
30	357
30	406
30	466
30	525
30	556
30	748
30	1116
30	1339
32	267
32	1384652
33	39
33	58
33	172
33	194
33	195
33	227
33	274
33	277
33	307
33	354
33	713
33	718
33	889
33	1154
34	-1
34	25
34	33
34	34
34	39
34	45
34	46
34	48
34	58
34	83
34	91
34	93
34	100
34	105
34	111
34	115
34	123
34	145
34	192
34	194
34	203
34	230
34	287
34	296
34	314
34	358
34	380
34	383
34	384
34	398
34	406
34	415
34	432
34	492
34	514
34	547
34	721
34	750
34	770
34	1384652
35	-1
35	26
35	30
35	33
35	44
35	58
35	71
35	91
35	106
35	117
35	121
35	122
35	149
35	194
35	205
35	227
35	268
35	305
35	312
35	322
35	342
35	381
35	396
35	404
35	423
35	443
35	514
35	517
35	547
35	549
35	551
35	556
35	560
35	730
35	750
35	1019
35	1271
35	1310
35	1318
35	1629
35	1749
36	17
36	30
36	39
36	52
36	383
36	396
36	492
36	750
36	770
37	40
37	349
37	357
37	381
37	383
37	680
37	703
37	755
37	1212
39	-1
39	8
39	25
39	33
39	40
39	58
39	65
39	83
39	91
39	93
39	193
39	291
39	437
39	491
40	26
40	37
40	50
40	58
40	59
40	91
40	92
40	103
40	115
40	264
40	307
40	322
40	331
40	340
40	358
40	384
40	402
40	567
40	1247
40	1323
40	1477
40	1797
40	146637
40	1384652
41	-1
41	90
42	39
42	58
42	61
42	65
42	123
42	206
42	254
42	322
42	327
42	337
42	381
42	834
42	861
42	1068
42	1108
42	1366
42	1384652
43	22
44	58
44	87
44	337
45	33
45	45
45	230
45	432
46	9
46	36
46	46
46	91
46	194
46	199
46	214
46	231
46	308
46	404
46	518
46	528
46	886
46	905
46	990
48	-1
48	2
48	91
48	103
48	117
48	193
48	194
48	281
48	292
48	383
48	1384652
49	13
49	17
49	71
49	91
49	95
49	100
49	109
49	147
49	173
49	214
49	245
49	404
49	434
49	435
49	493
49	501
49	525
49	571
49	697
49	745
49	838
49	856
49	878
49	1013
49	1016
49	1111
49	1117
49	1154
49	1220
49	1410
49	1659
49	1703
49	1384652
50	30
50	37
50	58
50	59
50	61
50	65
50	81
50	91
50	117
50	136
50	147
50	243
50	318
50	383
50	653
50	1771
51	5
51	25
51	32
51	33
51	40
51	67
51	76
51	81
51	83
51	91
51	111
51	118
51	191
51	192
51	193
51	195
51	202
51	214
51	260
51	357
51	380
51	383
51	390
51	443
51	503
51	547
51	571
51	755
51	878
51	889
51	993
51	1013
51	1077
51	1212
51	1396
51	1542
51	1659
51	1384652
52	25
52	40
52	50
52	72
52	81
52	83
52	111
52	116
52	117
52	204
52	230
52	260
52	340
52	375
52	667
52	1384652
55	8
55	13
55	34
55	78
55	85
55	91
55	106
55	136
55	145
55	236
55	254
55	264
55	290
55	358
55	381
55	483
55	525
55	750
55	758
55	940
55	1323
55	1599
55	146637
55	1384652
56	56
56	147
56	666
56	779
56	810
56	831
56	1384652
58	25
58	50
58	58
58	59
58	72
58	117
58	192
58	199
58	230
58	307
58	384
58	432
58	492
58	567
58	673
58	1384652
59	30
59	37
59	55
59	58
59	59
59	61
59	63
59	78
59	83
59	111
59	149
59	271
59	307
59	318
59	432
59	512
59	659
59	726
59	1693
60	2
60	35
60	51
60	58
60	67
60	72
60	83
60	91
60	123
60	186
60	225
60	281
60	331
60	514
60	525
60	547
60	556
60	770
60	1013
61	39
61	58
61	61
61	90
61	100
61	111
61	204
61	222
61	292
61	326
61	381
61	466
61	556
61	653
61	703
61	784
61	813
61	888
61	1075
61	1135
61	1888
62	62
63	61
63	145
63	571
64	64
64	381
64	702
64	718
64	1185
64	1204
64	1521
64	31505
65	36
65	40
65	45
65	58
65	61
65	65
65	79
65	92
65	116
65	117
65	121
65	149
65	152
65	358
65	439
65	462
65	1630
67	67
67	83
67	668
67	797
70	30
70	83
70	172
71	30
71	40
71	48
71	58
71	60
71	62
71	65
71	71
71	91
71	95
71	109
71	117
71	230
71	232
71	269
71	299
71	350
71	357
71	369
71	383
71	384
71	404
71	459
71	479
71	489
71	519
71	534
71	556
71	673
71	708
71	770
71	889
71	1035
71	1219
71	1228
71	1484
71	1384652
72	-1
72	9
72	48
72	58
72	92
72	95
72	115
72	116
72	204
72	269
72	277
72	305
72	308
72	349
72	406
72	432
72	538
72	547
72	673
72	840
72	849
72	1031
72	1147
72	1154
72	1339
72	1375
72	1430
72	428190
72	1384652
75	57
75	58
75	116
75	136
75	384
75	396
75	406
75	429
75	459
75	572
75	1030
75	1153
75	1185
76	17
76	91
76	203
77	51
77	59
77	136
77	149
77	163
77	205
77	219
77	243
77	313
77	349
77	503
77	580
77	708
77	770
77	832
77	905
77	940
77	968
77	1204
77	1271
77	1311
77	1366
77	1368
77	1436
77	1450
77	1581
77	1855
79	738
79	999
80	83
80	87
80	115
82	551
83	49
83	58
83	83
83	87
83	91
83	106
83	194
83	269
83	381
83	565
83	637
83	1368
83	1469
83	1795
83	1384652
86	58
86	65
86	78
86	86
86	87
86	104
86	105
86	219
86	260
86	287
86	318
86	362
86	481
86	547
87	172
87	1396
90	5
90	52
90	87
90	91
90	179
90	184
90	205
90	243
90	254
90	257
90	296
90	324
90	361
90	362
90	370
90	432
90	572
90	718
90	861
90	961
90	1013
90	1122
90	1144
90	1169
90	1193
90	1358
90	1365
90	1370
90	1463
90	1646
90	1693
90	1762
90	1816
90	1841
90	1890
91	-1
91	1
91	35
91	52
91	55
91	58
91	60
91	62
91	71
91	83
91	85
91	87
91	91
91	93
91	100
91	106
91	109
91	111
91	120
91	121
91	123
91	131
91	134
91	136
91	137
91	143
91	194
91	200
91	203
91	205
91	233
91	246
91	257
91	269
91	290
91	292
91	303
91	305
91	308
91	312
91	327
91	340
91	342
91	349
91	350
91	357
91	369
91	373
91	383
91	396
91	402
91	434
91	435
91	437
91	479
91	509
91	514
91	534
91	556
91	560
91	565
91	571
91	572
91	614
91	637
91	730
91	770
91	842
91	1006
91	1036
91	1135
91	1190
91	1219
91	1228
91	1269
91	1368
91	1703
91	27687
91	31505
91	1384652
92	-1
92	45
92	52
92	58
92	92
92	100
92	115
92	117
92	122
92	204
92	290
92	303
92	381
92	396
92	435
92	527
92	556
92	565
92	573
92	659
92	673
92	730
92	782
92	905
92	1588
92	12081
92	1384652
93	58
93	59
93	93
93	238
93	245
93	384
95	11
95	245
95	383
95	434
95	1075
96	91
96	96
96	173
96	332
96	525
96	666
96	834
99	92
99	145
99	271
99	396
99	525
99	637
99	742
100	17
100	51
100	58
100	91
100	92
100	122
100	486
100	708
100	713
100	1266
100	1888
100	1384652
101	91
101	100
101	101
101	105
101	145
101	243
101	280
101	340
101	349
101	358
102	75
102	192
102	1384652
103	103
103	381
103	568
105	105
106	58
106	91
106	96
106	149
106	233
106	257
106	268
106	271
106	277
106	307
106	323
106	381
106	383
106	396
106	404
106	482
106	547
106	556
106	557
106	573
106	680
106	702
106	750
106	876
106	1013
106	1190
108	493
108	659
108	680
108	861
108	1632
108	27687
109	100
109	106
109	109
109	519
109	1384652
111	91
111	96
111	111
111	118
111	173
111	199
111	493
112	432
113	525
115	9
115	103
115	115
115	191
115	277
115	296
115	342
115	479
115	567
115	572
115	796
115	1392
115	1771
115	146637
115	1384652
116	-1
116	25
116	26
116	30
116	33
116	44
116	52
116	58
116	61
116	75
116	85
116	87
116	90
116	91
116	92
116	106
116	115
116	116
116	117
116	122
116	145
116	157
116	186
116	192
116	198
116	222
116	230
116	236
116	260
116	271
116	288
116	307
116	326
116	358
116	369
116	372
116	373
116	381
116	404
116	422
116	423
116	432
116	437
116	484
116	493
116	514
116	522
116	547
116	556
116	572
116	573
116	615
116	716
116	718
116	726
116	742
116	782
116	841
116	906
116	990
116	1043
116	1146
116	1219
116	1220
116	1266
116	1341
116	1378
116	1448
116	1483
116	1556
116	1581
116	1621
116	1384652
117	106
117	115
117	123
117	194
117	199
117	204
117	264
117	1556
117	1384652
118	115
118	243
119	91
120	83
120	120
120	380
120	838
120	1006
121	-1
121	91
121	277
121	299
121	383
121	479
121	525
121	758
122	25
122	44
122	51
122	64
122	72
122	81
122	91
122	92
122	93
122	106
122	115
122	116
122	117
122	122
122	136
122	145
122	172
122	184
122	195
122	200
122	232
122	235
122	255
122	257
122	271
122	277
122	292
122	322
122	342
122	350
122	357
122	358
122	362
122	372
122	380
122	381
122	488
122	493
122	506
122	518
122	528
122	556
122	568
122	573
122	627
122	633
122	653
122	670
122	682
122	718
122	752
122	782
122	797
122	816
122	861
122	889
122	906
122	940
122	973
122	1063
122	1084
122	1190
122	1378
122	1412
122	1430
122	12081
122	31505
122	1384652
123	72
123	91
123	988
123	1007
123	1353
123	1744
123	1384652
124	49
124	124
124	362
133	123
133	354
133	571
134	134
134	375
135	25
135	95
135	118
136	13
136	25
136	49
136	91
136	117
136	124
136	136
136	151
136	193
136	203
136	302
136	364
136	484
136	514
136	527
136	1384652
137	26
137	40
137	52
137	58
137	91
137	92
137	116
137	131
137	136
137	137
137	147
137	184
137	232
137	264
137	307
137	314
137	384
137	398
137	404
137	406
137	556
137	722
137	750
137	755
137	763
137	770
137	784
137	999
137	1144
137	1536
137	1384652
139	123
140	25
140	26
140	377
142	192
142	568
143	77
143	143
143	492
144	2
144	50
145	57
145	145
145	199
145	572
145	849
147	44
147	111
147	136
147	173
147	673
147	726
147	916
149	-1
149	83
149	91
149	117
149	149
149	192
149	258
149	337
149	361
149	406
149	637
149	750
149	1463
150	83
150	91
150	150
150	203
150	580
150	636
150	1649
150	1752
150	1795
150	1816
150	1384652
151	117
151	151
152	383
152	428
153	136
153	147
153	203
153	219
153	432
153	1384652
154	25
154	78
154	83
154	111
154	184
154	199
154	556
155	155
156	61
156	116
156	134
156	154
156	243
157	1
157	13
157	44
157	65
157	79
157	115
157	145
157	154
157	157
157	287
157	303
157	307
157	342
157	522
157	580
157	1219
157	1256
159	101
159	358
160	72
160	322
161	25
161	147
162	-1
162	383
162	1212
162	1327
163	5
163	49
164	50
164	137
164	219
164	236
164	342
164	381
166	58
170	116
170	137
170	307
170	381
170	404
170	699
170	1492
170	1693
170	1813
170	27687
171	145
172	91
172	369
173	34
173	91
173	100
173	120
173	172
173	173
173	230
173	618
175	25
175	49
175	58
175	83
175	100
175	136
175	143
175	145
175	184
175	192
175	199
175	214
175	292
175	572
175	751
175	823
175	1030
177	177
178	627
178	1858
179	25
183	25
183	151
184	432
186	35
188	25
188	46
188	85
188	111
188	137
188	145
188	188
188	271
188	280
188	298
188	302
188	304
188	307
188	338
188	381
188	391
188	484
188	488
188	492
188	493
188	544
188	615
188	730
188	1035
188	1084
188	1223
188	1492
188	1875
188	1384652
189	173
189	207
189	1384652
190	889
192	91
192	106
192	133
192	192
192	195
192	203
192	258
192	328
192	380
192	383
192	615
193	51
193	95
193	193
193	194
193	269
193	277
193	337
193	373
193	383
193	395
193	398
193	517
193	571
193	905
193	973
194	26
194	61
194	75
194	83
194	91
194	116
194	133
194	194
194	277
194	296
194	337
194	369
194	381
194	404
194	447
194	538
194	573
194	636
194	721
194	733
194	750
194	770
194	834
194	1013
194	1143
194	1154
194	1190
194	1363
194	1629
194	1693
194	1752
194	242853
195	51
195	379
195	1111
196	204
197	104
197	145
197	154
197	173
197	191
198	-1
198	30
198	91
198	96
198	116
198	122
198	230
198	235
198	236
198	285
198	372
198	381
198	435
198	506
198	571
198	670
198	728
198	791
198	797
198	834
198	837
198	1030
198	27687
199	1
199	65
199	91
199	117
199	136
199	186
199	199
199	243
199	323
199	342
199	384
199	784
199	916
199	1190
199	1448
199	1521
199	1615
199	146637
200	-1
200	25
200	33
200	34
200	40
200	51
200	52
200	58
200	59
200	101
200	106
200	115
200	131
200	145
200	188
200	204
200	232
200	257
200	264
200	267
200	298
200	327
200	340
200	371
200	373
200	383
200	432
200	852
200	908
200	1068
200	1122
200	1339
200	1344
200	1384652
202	122
202	192
202	225
202	264
202	396
202	493
202	525
202	580
202	590
202	680
202	718
202	838
202	905
202	1190
202	1309
202	1632
202	1659
203	91
203	203
203	243
204	40
204	58
204	71
204	137
204	203
204	204
204	238
204	302
204	318
204	358
204	383
204	454
204	572
204	673
205	91
205	111
205	172
205	192
205	205
205	799
205	1384652
206	-1
206	32
206	52
206	55
206	60
206	83
206	87
206	91
206	162
206	203
206	204
206	205
206	233
206	423
206	437
206	492
206	514
206	525
206	575
206	770
206	861
206	108465
206	1384652
207	-1
207	173
207	204
207	207
207	243
207	274
207	292
207	755
209	49
209	111
209	122
209	501
209	1220
212	1
212	572
212	1154
214	-1
214	61
214	81
214	91
214	96
214	214
214	307
214	428
214	493
214	1658
214	1888
216	72
216	116
216	136
216	302
216	358
216	431
216	484
216	680
219	50
219	137
219	192
219	377
219	770
219	823
219	872
222	188
222	222
222	257
224	90
224	92
224	101
224	224
224	274
224	328
224	383
224	432
224	708
224	767
224	993
224	1368
225	67
225	91
225	149
225	203
225	225
225	230
225	307
225	326
225	327
225	377
225	383
225	396
225	434
225	557
225	572
225	718
225	999
225	1036
225	1130
225	1212
225	1220
225	1341
225	1694
227	-1
227	2
227	9
227	91
227	122
227	192
227	195
227	202
227	205
227	233
227	254
227	371
227	396
227	406
227	446
227	556
227	572
227	1384652
229	-1
229	79
229	1741
230	-1
230	72
230	111
230	230
230	292
230	350
230	372
230	383
230	395
230	507
230	633
230	726
230	1035
230	1144
230	1394
230	1836
231	51
231	91
231	230
231	231
231	234
231	369
231	373
232	45
232	51
232	230
232	232
232	697
232	1556
233	83
233	91
233	233
233	396
233	514
233	571
233	659
233	713
233	797
233	1154
234	9
234	32
234	34
234	52
234	61
234	87
234	90
234	91
234	117
234	122
234	131
234	136
234	150
234	179
234	203
234	230
234	233
234	234
234	254
234	257
234	277
234	292
234	299
234	326
234	327
234	357
234	370
234	380
234	383
234	391
234	406
234	432
234	446
234	447
234	483
234	493
234	503
234	514
234	571
234	573
234	580
234	659
234	680
234	699
234	750
234	751
234	755
234	763
234	770
234	784
234	785
234	805
234	841
234	940
234	982
234	999
234	1035
234	1048
234	1135
234	1185
234	1220
234	1343
234	1366
234	1375
234	1463
234	1470
234	1596
234	1599
234	1630
234	1632
234	1739
234	1743
234	1797
234	14446
235	235
235	287
235	358
235	396
235	782
235	791
235	849
237	307
237	326
238	-1
238	58
238	131
238	232
238	238
238	277
238	307
238	311
238	432
238	576
238	923
238	974
238	1084
238	1190
238	108465
242	-1
242	50
242	242
242	730
242	856
242	1693
243	60
243	203
243	243
243	245
243	560
244	78
244	100
244	122
244	137
245	1
245	370
245	742
246	83
246	204
246	246
246	340
247	247
247	565
255	479
257	39
257	61
257	104
257	179
257	233
257	257
257	322
257	342
257	370
257	567
257	568
257	703
257	726
257	1220
257	1659
257	1680
257	1881
257	1384652
258	258
258	384
259	90
259	263
259	276
259	292
259	358
259	370
259	372
259	384
259	394
259	398
259	572
259	1068
259	1378
259	1599
263	147
263	188
263	263
264	131
264	202
264	230
264	264
264	369
265	269
265	342
265	357
265	476
265	547
266	91
266	120
266	307
266	314
266	372
266	395
266	406
266	491
266	493
266	527
266	573
266	745
266	750
266	1031
266	1185
266	1228206
267	-1
267	25
267	46
267	56
267	58
267	61
267	65
267	83
267	91
267	121
267	122
267	123
267	163
267	188
267	191
267	192
267	207
267	267
267	280
267	287
267	307
267	327
267	357
267	380
267	383
267	384
267	406
267	431
267	439
267	479
267	493
267	568
267	608
267	609
267	637
267	659
267	702
267	730
267	758
267	763
267	905
267	912
267	1006
267	1030
267	1185
267	1304
267	1327
267	1368
267	1375
267	1516
267	1556
267	1581
267	108465
267	1384652
268	-1
268	1
268	33
268	61
268	65
268	83
268	112
268	147
268	160
268	172
268	188
268	233
268	260
268	292
268	307
268	311
268	384
268	432
268	518
268	547
268	1169
268	1353
268	1384
268	1450
269	25
269	26
269	33
269	58
269	92
269	102
269	106
269	116
269	122
269	145
269	199
269	214
269	222
269	243
269	269
269	277
269	290
269	298
269	302
269	307
269	384
269	394
269	402
269	431
269	432
269	1384652
270	25
270	648
271	40
271	117
271	269
271	304
271	323
271	381
271	396
271	432
271	454
271	522
271	797
274	173
274	232
274	243
274	274
274	381
274	718
274	721
274	973
275	120
275	143
275	172
275	230
275	242
275	281
275	292
275	349
275	379
275	383
275	390
275	493
275	832
275	905
275	1144
275	1346
275	1380
275	1384652
276	1378
276	1130097
277	116
277	849
277	1384652
278	92
278	95
279	65
279	122
279	186
279	381
279	568
279	608
279	637
279	1036
279	1075
279	1084
279	1190
279	1384652
281	137
283	383
283	404
283	1384652
285	34
285	111
285	136
285	285
285	439
285	680
285	878
285	1542
285	1384652
287	269
287	287
287	396
287	634
287	998
287	1007
287	1384652
288	83
288	572
289	447
289	448
290	116
290	375
290	680
290	788
290	1130097
291	396
291	493
291	572
291	1581
291	1599
291	1632
292	87
292	194
292	236
292	271
292	277
292	288
292	357
292	914
292	1384652
295	60
296	106
296	204
296	327
296	373
296	466
296	557
296	718
296	1738
296	1384652
298	91
298	298
298	383
299	56
299	71
299	225
299	299
299	398
299	608
299	703
299	721
299	726
299	750
299	770
302	91
302	314
302	568
302	750
302	754
302	758
303	52
303	81
303	785
304	122
304	172
304	200
304	214
304	219
304	307
304	326
304	340
304	429
304	435
304	493
304	506
304	527
304	797
304	816
304	1161
304	1190
304	1557
304	1650
305	58
305	92
305	305
305	307
305	406
305	432
305	572
305	673
305	770
305	796
305	1190
305	1542
306	75
306	85
306	184
306	431
306	1384652
307	33
307	34
307	91
307	111
307	117
307	193
307	230
307	234
307	307
307	358
307	373
307	396
307	398
307	491
307	1013
307	1097
307	1327
307	1511
307	1629
307	1650
307	1693
308	-1
308	50
308	83
308	91
308	133
308	234
308	357
308	358
308	380
308	396
308	412
308	417
308	447
308	475
308	514
308	770
308	1384652
311	25
311	204
311	357
311	398
311	406
311	432
311	1190
312	64
312	91
312	204
312	277
312	303
312	312
312	323
312	417
312	703
312	721
312	722
312	742
312	1153
313	32
313	93
313	109
313	143
313	230
314	-1
314	314
315	41
315	398
316	91
316	145
316	152
316	209
316	306
316	311
316	340
316	402
316	432
316	1007
316	1030
316	27687
317	30
317	404
317	672
317	1341
318	117
318	186
318	307
318	448
322	34
322	42
322	307
322	578
322	580
322	1556
322	1795
322	1384652
326	326
326	492
326	572
327	194
327	327
327	337
327	404
327	434
327	730
327	770
328	79
328	194
328	328
328	1384652
331	331
332	1
332	25
332	116
332	137
332	299
332	383
332	406
332	423
332	659
332	1065
332	1366
333	331
337	203
337	748
337	1378
338	115
338	338
338	572
340	92
340	271
341	1
341	25
341	58
341	71
341	115
341	131
341	303
341	381
341	475
341	637
341	722
341	823
341	837
341	876
341	878
341	12081
341	1384652
342	63
342	79
342	91
342	257
342	263
342	269
342	276
342	291
342	311
342	342
342	358
342	370
342	381
342	383
342	396
342	462
342	493
342	514
342	525
342	653
342	716
342	755
342	837
342	852
342	887
342	906
342	912
342	917
342	1266
342	1659
342	1384652
346	302
349	87
350	106
350	136
350	184
350	307
350	322
350	337
350	342
350	350
350	357
350	434
350	576
350	1807
350	242853
352	525
353	375
354	50
357	39
357	149
357	337
357	349
357	357
357	383
357	384
357	391
357	435
357	527
357	551
357	556
357	572
357	990
357	1212
357	1271
357	1381
357	1463
357	1469
358	17
358	106
358	116
358	145
358	234
358	307
358	326
358	332
358	358
358	380
358	381
358	493
358	556
358	568
358	571
358	718
358	745
358	797
358	823
358	1384652
360	55
360	91
360	381
360	422
361	105
361	302
361	627
361	810
361	1145
361	1185
361	1309
361	1363
361	1849
363	1
363	121
363	236
363	437
363	1304
364	46
364	133
364	296
364	358
364	364
364	568
364	680
366	51
369	83
369	116
369	145
369	307
369	358
369	369
369	519
369	637
369	727
369	842
369	1084
369	1680
370	46
370	63
370	307
370	406
370	608
370	905
370	1036
371	67
371	87
371	633
371	917
372	34
372	52
372	61
372	81
372	92
372	122
372	133
372	157
372	203
372	285
372	291
372	299
372	307
372	327
372	342
372	358
372	369
372	373
372	377
372	383
372	391
372	396
372	445
372	493
372	551
372	565
372	572
372	614
372	637
372	648
372	659
372	708
372	718
372	721
372	722
372	730
372	733
372	748
372	750
372	770
372	797
372	832
372	841
372	905
372	914
372	982
372	993
372	1036
372	1068
372	1076
372	1078
372	1116
372	1122
372	1124
372	1135
372	1144
372	1154
372	1185
372	1204
372	1220
372	1256
372	1284
372	1360
372	1366
372	1394
372	1556
372	1650
372	1659
372	1683
372	1807
372	1886
372	1895
372	1130097
373	64
373	133
373	136
373	143
373	358
373	383
373	514
373	571
373	718
373	750
373	856
373	1013
375	58
375	307
376	277
377	40
377	58
377	95
377	117
377	191
377	204
377	290
377	298
377	305
377	307
377	350
377	357
377	377
377	383
377	439
377	493
377	565
377	572
377	1036
377	1185
377	1744
379	384
380	-1
380	72
380	96
380	111
380	116
380	143
380	209
380	277
380	288
380	307
380	322
380	327
380	337
380	349
380	357
380	373
380	377
380	381
380	398
380	406
380	434
380	479
380	492
380	493
380	528
380	572
380	680
380	702
380	708
380	721
380	727
380	733
380	823
380	905
380	1035
380	1193
380	1219
380	1228
380	1469
380	1541
380	1650
381	25
381	92
381	380
381	514
381	527
381	568
381	572
381	1304
381	1366
381	1895
383	1
383	5
383	22
383	33
383	35
383	40
383	86
383	91
383	116
383	145
383	149
383	162
383	184
383	186
383	191
383	192
383	193
383	194
383	202
383	227
383	230
383	231
383	233
383	257
383	267
383	277
383	296
383	298
383	307
383	308
383	326
383	327
383	350
383	357
383	375
383	381
383	383
383	384
383	396
383	404
383	406
383	422
383	423
383	432
383	434
383	437
383	439
383	476
383	481
383	486
383	493
383	514
383	517
383	556
383	633
383	637
383	657
383	726
383	733
383	810
383	849
383	961
383	993
383	1030
383	1076
383	1078
383	1109
383	1121
383	1219
383	1271
383	1368
383	1378
383	1414
383	1384652
384	33
384	56
384	233
384	307
384	375
384	384
384	396
384	479
384	557
384	784
384	873
389	83
389	131
390	40
390	307
390	375
390	379
390	381
390	432
390	770
390	1192
391	475
392	25
392	184
392	287
392	391
392	404
392	489
392	527
392	770
392	842
392	1224
392	1366
392	1455
392	1538
392	1848
394	-1
394	51
394	58
394	83
394	92
394	145
394	173
394	432
394	571
394	572
394	659
394	1027
394	1521
395	25
396	122
396	342
396	396
396	491
396	810
396	917
398	203
398	311
398	384
398	396
398	722
398	788
399	136
399	137
399	277
399	384
399	1388162
400	-1
400	51
400	83
400	194
400	381
400	565
400	572
400	878
400	1373
402	25
402	91
402	163
402	204
402	384
402	402
402	659
402	861
402	1384652
404	105
404	193
404	202
404	233
404	271
404	277
404	288
404	326
404	357
404	396
404	398
404	404
404	507
404	718
404	733
404	756
404	770
404	841
404	1309
404	1573
404	1630
404	27687
404	1384652
409	91
410	25
410	567
410	1384652
411	384
412	92
414	25
414	26
414	45
414	52
414	64
414	92
414	106
414	116
414	136
414	143
414	162
414	179
414	214
414	222
414	230
414	234
414	288
414	290
414	305
414	350
414	357
414	384
414	432
414	517
414	527
414	538
414	543
414	547
414	567
414	571
414	572
414	578
414	637
414	668
414	673
414	750
414	912
414	990
414	1010
414	1030
414	1135
414	1145
414	1163
414	1185
414	1190
414	1219
414	1228
414	1309
414	1365
414	1463
414	1467
414	1632
414	1841
414	31505
414	1384652
415	33
415	45
415	432
415	1368
417	-1
417	133
417	384
417	398
417	770
419	-1
419	33
419	34
419	35
419	51
419	56
419	58
419	115
419	121
419	136
419	149
419	160
419	162
419	195
419	202
419	232
419	285
419	326
419	369
419	383
419	391
419	392
419	396
419	398
419	406
419	445
419	486
419	492
419	493
419	514
419	527
419	538
419	551
419	556
419	560
419	576
419	631
419	636
419	697
419	702
419	770
419	779
419	788
419	823
419	889
419	916
419	982
419	1030
419	1063
419	1075
419	1144
419	1154
419	1157
419	1185
419	1190
419	1228
419	1254
419	1256
419	1310
419	1311
419	1341
419	1365
419	1380
419	1392
419	1463
419	1478
419	1632
419	20207
419	428190
419	1384652
422	100
422	271
422	307
422	338
422	340
422	364
422	412
422	422
422	572
422	1078
423	44
423	45
423	50
423	72
423	91
423	92
423	225
423	230
423	257
423	269
423	271
423	290
423	326
423	364
423	381
423	384
423	392
423	396
423	406
423	434
423	551
423	556
423	576
423	758
423	810
423	1130
423	1220
423	1130097
425	1384652
428	350
428	748
429	-1
429	33
429	91
429	92
429	122
429	268
429	271
429	287
429	380
429	462
429	522
429	580
429	658
429	680
429	742
429	784
429	861
429	889
429	940
429	1266
429	1693
429	1870
429	31505
430	-1
430	25
430	30
430	50
430	86
430	92
430	147
430	219
430	277
430	314
430	430
430	432
430	527
430	726
430	925
430	1025
430	1219
430	1384652
431	-1
431	58
431	116
431	230
431	271
431	292
431	303
431	305
431	307
431	358
431	377
431	383
431	391
431	412
431	431
431	547
431	572
431	1061
431	1366
432	1
432	25
432	116
432	123
432	145
432	147
432	204
432	287
432	358
432	362
432	381
432	406
432	431
432	432
432	434
432	443
432	872
432	1100
434	307
434	383
434	434
435	432
435	567
437	184
437	381
437	383
437	514
437	1116
437	1228
437	1384652
438	350
439	1
439	160
439	383
439	681
443	479
444	92
444	337
444	415
444	637
445	91
445	383
445	475
446	8
446	25
446	371
446	446
446	580
446	889
446	31505
447	447
447	770
447	849
447	1013
448	383
448	448
448	527
448	1185
449	206
449	437
453	26
453	391
453	396
453	434
454	454
455	25
457	83
457	117
457	122
457	147
457	155
457	257
457	260
457	324
457	358
457	432
457	454
457	797
459	49
459	116
459	459
459	1065
459	1384652
462	121
462	381
462	1384652
463	122
463	492
463	861
464	358
464	396
464	680
464	810
464	889
464	1384652
468	350
470	1339
475	52
475	72
475	83
475	225
475	277
475	406
475	432
475	507
475	718
475	721
475	727
475	770
475	1895
476	202
476	476
479	1219
479	1632
480	501
481	194
481	481
482	25
482	116
482	439
482	547
482	1632
482	1384652
483	91
483	173
483	204
483	380
483	580
483	615
483	770
483	1075
483	1358
483	1384652
484	25
486	25
486	46
486	58
486	59
486	92
486	122
486	192
486	277
486	305
486	361
486	381
486	486
486	556
486	568
486	796
486	876
486	914
486	1036
486	1043
486	1339
487	383
488	78
488	186
488	488
488	609
488	680
488	1599
489	1
489	91
489	192
489	202
489	234
489	369
489	383
489	384
489	396
489	445
489	493
489	503
489	560
489	580
489	1036
491	25
491	91
491	1384652
492	92
492	492
493	-1
493	1
493	26
493	51
493	91
493	100
493	115
493	116
493	122
493	133
493	147
493	173
493	230
493	234
493	255
493	267
493	285
493	290
493	358
493	361
493	369
493	372
493	380
493	391
493	419
493	453
493	459
493	463
493	470
493	479
493	493
493	512
493	517
493	519
493	522
493	551
493	571
493	680
493	691
493	698
493	718
493	721
493	726
493	733
493	831
493	837
493	841
493	859
493	940
493	1013
493	1030
493	1035
493	1063
493	1117
493	1220
493	1284
493	1378
493	1463
493	1511
493	1599
493	1680
493	1683
493	1703
493	1807
493	1886
493	31505
493	1525924
501	75
501	116
501	136
501	159
501	257
501	358
501	525
501	676
501	1384652
506	479
506	770
506	1556
507	205
507	383
507	396
507	493
507	503
507	703
507	1135
507	1341
507	1744
509	160
509	178
509	195
509	326
509	383
509	507
509	1013
509	1075
510	1384652
511	479
512	395
512	627
512	1031
512	1492
512	1703
514	194
514	556
517	106
517	396
517	702
517	770
517	1816
517	1384652
518	25
518	58
518	122
518	362
519	35
519	225
519	274
519	328
519	350
519	889
519	1249
521	5
521	56
521	111
521	121
521	123
521	147
521	277
521	296
521	308
521	350
521	357
521	383
521	521
521	556
521	576
521	590
521	680
521	1190
521	1384652
522	92
522	358
522	492
522	590
522	748
522	805
522	861
522	1536
522	1384652
525	-1
525	1
525	204
525	327
525	466
525	525
525	1384652
527	55
527	106
527	235
527	268
527	380
527	527
527	539
527	572
527	726
527	923
527	1384652
528	25
528	85
528	116
528	338
528	406
528	525
529	25
529	1263
533	-1
533	34
533	76
533	230
533	342
533	358
533	369
533	419
533	484
533	534
533	560
533	877
533	1043
533	1050
533	1212
533	1271
533	1344
533	1615
534	91
534	522
534	703
534	823
534	861
534	1392
534	1875
534	1384652
535	1848
536	-1
536	9
536	234
536	350
536	404
536	702
536	877
536	1875
536	31505
537	100
537	124
537	886
537	1638
538	59
538	131
541	64
541	90
541	91
541	296
541	350
541	443
541	560
541	567
541	590
541	831
541	1013
541	1436
541	1542
541	1581
543	172
543	288
543	290
543	362
543	543
543	572
543	834
543	917
543	1309
543	1693
544	797
544	873
547	-1
547	44
547	116
547	318
547	539
547	547
547	637
547	999
547	1117
547	1247
547	1318
547	1693
547	1384652
550	91
550	117
550	277
551	381
551	551
552	357
556	30
556	72
556	116
556	514
556	556
556	637
557	637
560	91
560	122
560	357
560	423
560	527
560	560
560	842
560	1384652
563	83
563	96
563	100
565	205
565	404
567	49
567	92
567	322
567	383
567	445
567	563
567	567
567	626
567	758
567	925
567	1247
567	1384652
568	327
568	358
568	755
568	784
568	1521
570	173
570	1483
571	1
571	25
571	56
571	76
571	83
571	122
571	133
571	193
571	194
571	203
571	219
571	234
571	253
571	313
571	326
571	369
571	375
571	486
571	492
571	493
571	519
571	521
571	547
571	565
571	568
571	571
571	633
571	680
571	763
571	797
571	832
571	889
571	906
571	1117
571	1135
571	1220
572	25
572	44
572	51
572	290
572	322
572	383
572	396
572	567
572	572
572	718
572	791
572	1097
572	1309
572	1318
572	1492
572	1659
572	1693
572	1721
572	1776
573	204
573	307
573	381
573	383
573	512
573	527
573	568
573	573
573	726
573	782
573	937
573	1384652
574	26
574	92
574	136
574	307
574	547
574	590
574	637
574	673
576	576
577	40
578	-1
578	852
580	25
580	81
580	91
580	93
580	195
580	307
580	357
580	358
580	383
580	573
580	580
580	708
580	861
580	1478
581	194
581	307
581	357
581	615
582	121
582	145
582	292
582	484
582	556
582	588
582	849
582	1384652
586	103
586	131
588	56
588	406
588	547
588	588
588	784
588	917
588	1341
590	50
590	58
590	111
590	453
590	492
590	551
590	615
590	1384652
592	50
592	525
598	209
598	364
598	571
598	633
598	1525924
602	703
605	267
605	383
608	34
608	91
608	230
608	332
608	350
608	373
608	383
608	481
608	507
608	556
608	588
608	945
608	1052
608	1336
609	673
611	-1
611	44
611	64
611	91
611	287
611	307
611	357
611	432
611	470
611	522
611	556
611	580
611	708
611	718
611	733
611	745
611	755
611	861
611	940
611	1016
611	1107
611	1739
611	1888
612	189
613	204
613	292
613	431
613	432
613	572
613	718
613	797
613	842
613	1061
613	1378
613	1384652
614	96
614	133
614	491
614	614
614	1061
614	1182
614	1213
614	1309
614	27687
614	1384652
615	-1
615	17
615	100
615	202
615	234
615	327
615	377
615	383
615	435
615	445
615	590
615	615
615	779
615	788
615	799
615	844
615	856
615	887
615	905
615	1147
615	1154
615	1169
615	1220
615	1224
615	1378
615	1534
615	1580
615	1848
615	108465
617	322
617	501
617	617
618	116
618	121
618	145
618	799
619	116
619	122
619	191
619	277
619	322
619	383
619	519
619	754
619	1247
619	1370
619	1384652
621	191
621	307
621	1104
622	92
622	406
622	680
624	697
626	726
626	878
627	733
630	832
630	886
630	1016
631	194
631	299
631	631
631	636
631	1346
631	31505
632	41
632	396
632	756
633	849
633	1063
634	381
634	491
636	26
636	491
636	556
636	567
636	657
636	699
636	721
636	726
636	730
636	755
636	1169
636	1271
636	1368
636	1581
636	1384652
637	72
637	763
645	39
645	91
645	96
645	179
645	534
645	861
645	1545
646	571
646	31505
648	233
648	633
648	667
648	1078
648	1341
648	1432
648	1384652
649	277
649	637
652	1384652
653	209
653	225
653	232
653	364
653	404
653	439
653	571
653	784
653	1178
655	305
655	326
655	572
655	784
655	1384652
657	115
657	225
657	326
657	381
657	567
657	637
657	653
657	673
657	889
657	1599
658	75
658	1650
659	52
660	85
660	173
660	431
660	547
660	1384652
666	323
666	666
666	810
666	1226
667	51
667	383
668	492
669	299
669	396
672	292
672	672
672	685
672	1724
673	52
673	64
673	92
673	116
673	318
673	323
673	396
673	406
673	466
673	637
673	673
673	755
673	999
673	1027
673	1116
673	1121
673	1175
673	1223
673	1318
676	318
676	422
676	518
676	567
676	659
676	667
676	673
676	680
676	703
676	758
676	1448
676	1384652
680	116
680	492
680	556
680	680
680	718
680	914
680	1632
682	52
682	492
682	637
685	116
685	572
685	726
687	230
693	492
693	1455
697	327
697	383
697	459
697	636
698	698
698	1116
699	13
699	25
699	51
699	116
699	122
699	292
699	486
699	492
699	493
699	556
699	573
699	637
699	813
699	834
699	852
699	917
699	1117
699	1554
699	1659
699	1849
699	1870
699	27687
699	1384652
700	358
700	383
700	396
700	788
700	1126
700	1366
700	1680
700	1384652
702	133
702	350
703	432
706	91
706	974
708	-1
708	150
708	493
708	900
708	1094
708	1116
708	1204
708	1220
709	342
713	1
713	556
713	748
714	91
714	260
714	268
714	307
714	358
714	380
714	493
714	525
714	551
714	703
714	755
714	770
714	797
714	852
714	888
714	889
714	1043
714	1104
714	1114
714	1190
714	1344
714	1512
714	1875
714	1130097
716	61
716	194
716	432
716	463
716	844
716	889
716	1109
716	1599
716	1881
716	1888
718	147
718	327
718	376
718	377
718	396
718	493
718	718
718	805
718	905
718	988
718	1166
718	1220
718	1224
718	1394
718	1703
718	1870
718	31505
719	117
719	302
719	459
719	466
719	673
719	796
719	1512
721	2
721	44
721	133
721	287
721	305
721	396
721	702
721	779
721	1013
721	1130
721	31505
721	1384652
722	72
722	145
722	257
722	274
722	288
722	305
722	326
722	703
722	748
722	750
722	751
722	758
722	784
722	823
722	1008
722	1030
722	1545
722	31505
725	338
725	391
725	572
725	1116
725	1256
726	59
726	357
726	383
726	556
726	567
726	680
726	703
726	726
726	754
726	1384652
727	72
727	91
727	204
727	287
727	493
727	673
727	755
727	770
727	834
728	108465
729	35
729	72
729	235
729	277
729	423
729	491
729	556
729	563
729	917
729	1031
729	1384652
730	-1
730	51
730	299
730	730
731	149
731	350
731	1632
732	91
732	727
733	41
733	512
733	580
733	730
733	889
733	1035
733	1100
733	1219
733	1470
733	1545
733	428190
733	1491425
735	703
736	916
736	1414
737	25
737	122
737	123
737	172
737	737
737	742
737	998
738	479
738	31505
740	26
740	71
740	76
740	162
740	203
740	267
740	277
740	290
740	383
740	396
740	726
740	770
740	799
740	916
740	988
740	1030
740	1144
740	1212
740	1219
740	1341
740	1463
740	428190
741	133
742	742
743	627
745	-1
745	85
745	92
745	116
745	394
745	745
745	770
745	889
745	914
745	1013
748	209
748	404
748	571
748	636
748	748
748	877
748	905
748	966
748	1175
748	1351
748	1363
748	1366
748	1368
748	1455
748	1492
748	1816
748	31505
750	25
750	396
750	750
751	25
751	350
751	726
751	1767
755	13
755	195
755	305
755	361
755	381
755	571
755	637
755	755
755	852
755	982
755	999
755	1196
755	1304
755	1309
756	-1
756	398
756	445
756	567
756	756
756	770
756	1384652
757	758
758	33
758	59
758	122
758	204
758	247
758	462
758	541
758	556
758	754
758	755
758	758
758	889
758	916
758	1117
758	1384652
763	137
763	204
763	1031
763	1256
763	1368
763	1492
765	277
765	834
765	1126
765	1384652
767	767
769	580
769	810
770	-1
770	195
770	299
770	507
770	567
770	745
770	770
770	832
770	1075
770	1078
770	1375
770	1556
770	1703
770	1749
773	188
773	568
774	770
775	58
775	396
775	799
775	1097
775	1130
779	872
781	92
781	307
781	377
781	770
781	784
781	831
781	1083
782	-1
782	116
782	117
782	122
782	322
782	527
782	573
782	627
782	797
782	849
782	1394
782	1813
784	56
784	268
784	658
784	837
784	889
784	1016
784	1632
785	51
785	92
785	383
785	785
785	841
788	459
788	491
788	519
788	1881
791	51
791	92
791	234
791	255
791	287
791	303
791	326
791	361
791	381
791	522
791	543
791	568
791	578
791	708
791	750
791	770
791	1036
791	1075
791	1556
791	1581
791	1632
791	1650
791	1384652
792	402
792	680
792	784
792	788
792	797
792	823
794	33
794	31505
794	1384652
795	1
795	103
795	172
795	637
795	796
795	810
795	876
795	1144
795	1632
795	1384652
796	40
796	59
796	91
796	103
796	203
796	547
797	40
797	290
797	796
797	797
797	27687
799	863
803	143
803	538
803	755
803	770
803	1061
803	1366
803	1521
804	404
804	703
805	147
805	730
805	767
805	770
805	1220
805	1311
805	1511
805	1533
809	277
809	547
809	727
809	788
809	916
809	1384652
810	33
810	44
810	58
810	133
810	147
810	257
810	322
810	466
810	519
810	557
810	573
810	637
810	673
810	718
810	730
810	750
810	770
810	810
810	849
810	889
810	914
810	1013
810	1030
810	1224
810	1463
810	1384652
811	362
811	396
811	653
811	784
811	841
811	1384
813	103
813	841
813	1384652
814	733
814	814
816	816
816	27687
818	823
821	290
821	357
822	288
822	718
822	1632
822	1772
823	823
825	85
825	116
825	292
825	302
825	479
825	634
825	912
825	1599
825	1630
825	1632
826	1384652
828	33
831	573
832	1
832	25
832	61
832	72
832	92
832	122
832	194
832	257
832	327
832	357
832	551
832	572
832	708
832	788
832	810
832	832
832	838
832	849
832	1013
832	1065
832	1068
832	1078
832	1108
832	1135
832	1192
832	1212
832	1269
832	1629
832	1703
832	1816
832	1384652
834	103
834	770
834	791
834	917
834	988
834	998
834	27687
834	1384652
835	637
836	92
837	90
837	92
837	565
837	834
838	33
838	194
838	202
838	770
838	832
838	834
840	854
840	428190
842	381
842	396
842	398
842	522
842	572
842	718
842	722
842	750
842	784
842	849
842	878
842	1007
842	1030
842	1031
842	1084
842	1190
842	1219
842	1394
842	1693
842	3180
842	1384652
849	25
849	849
849	1130097
852	112
852	432
852	849
852	852
852	1309
853	755
853	916
853	1036
853	1521
853	1693
853	1384652
856	770
859	1084
861	670
861	682
863	381
863	571
863	797
863	1100
863	1290
868	103
869	396
872	-1
872	1
872	25
872	58
872	61
872	92
872	112
872	116
872	143
872	145
872	172
872	195
872	233
872	257
872	277
872	287
872	288
872	322
872	337
872	361
872	369
872	373
872	380
872	381
872	432
872	493
872	519
872	525
872	528
872	565
872	568
872	571
872	572
872	573
872	680
872	716
872	718
872	742
872	750
872	752
872	755
872	784
872	797
872	805
872	849
872	872
872	916
872	937
872	959
872	961
872	998
872	1019
872	1061
872	1063
872	1084
872	1114
872	1144
872	1190
872	1220
872	1256
872	1263
872	1266
872	1366
872	1368
872	1430
872	1450
872	1632
872	1693
872	1739
872	242853
873	91
873	396
873	873
875	375
875	609
875	925
876	375
878	-1
878	87
878	100
878	147
878	340
878	373
878	375
878	573
878	636
878	653
878	878
878	889
878	1052
881	573
883	122
885	147
885	573
885	755
885	797
885	1384652
886	44
886	358
886	1753
886	1384652
887	470
887	718
887	1016
887	1185
887	1266
888	381
888	849
889	305
889	402
889	889
889	1185
889	1378
889	1888
890	706
891	-1
891	172
891	327
891	373
891	381
891	522
891	797
891	842
891	888
891	905
891	1169
891	1266
891	1534
893	-1
893	61
893	90
893	116
893	274
893	277
893	381
893	493
893	541
893	609
893	831
893	832
893	837
893	912
893	972
893	973
893	982
893	1063
893	1068
893	1323
893	1344
893	1353
893	1370
893	1431
895	895
897	636
897	697
897	960
897	1048
898	396
900	-1
900	93
900	317
900	493
900	571
900	615
900	708
900	834
900	900
900	1013
900	1035
900	1190
900	1702
905	5
905	8
905	25
905	34
905	49
905	51
905	83
905	90
905	91
905	123
905	179
905	195
905	203
905	205
905	231
905	254
905	288
905	292
905	337
905	350
905	357
905	361
905	371
905	377
905	380
905	381
905	383
905	419
905	439
905	445
905	479
905	501
905	565
905	572
905	580
905	637
905	673
905	730
905	755
905	832
905	837
905	842
905	877
905	886
905	905
905	982
905	988
905	990
905	1016
905	1030
905	1076
905	1078
905	1097
905	1124
905	1154
905	1190
905	1204
905	1212
905	1224
905	1228
905	1254
905	1269
905	1271
905	1318
905	1336
905	1396
905	1407
905	1414
905	1455
905	1463
905	1629
905	1632
905	1683
905	1795
905	1816
905	12081
905	31505
907	1219
908	-1
908	51
908	96
908	908
908	1108
909	342
910	233
911	-1
912	-1
912	145
912	204
912	268
912	912
914	-1
914	22
914	65
914	102
914	137
914	247
914	745
914	1109
914	1228206
916	33
916	173
917	25
919	90
919	571
921	571
922	-1
922	371
922	982
922	1492
922	31505
923	527
924	1693
925	614
925	634
925	751
925	925
927	164
927	432
927	1025
930	-1
931	198
931	755
931	791
931	931
933	878
936	143
936	147
936	305
936	322
936	383
936	441
936	551
936	565
936	615
936	733
936	750
936	1144
936	1166
936	1271
936	1418
936	1469
936	1534
940	145
940	713
941	25
941	34
941	91
941	96
941	143
941	194
941	233
941	268
941	276
941	296
941	299
941	322
941	327
941	354
941	361
941	383
941	521
941	615
941	636
941	673
941	733
941	750
941	889
941	905
941	952
941	1042
941	1043
941	1083
941	1100
941	1107
941	1144
941	1190
941	1204
941	1212
941	1344
941	1356
941	1469
941	1554
941	1752
941	31505
941	428190
942	149
942	298
942	299
942	565
942	627
942	1048
942	1228
942	1327
942	1703
942	1744
942	31505
943	26
943	573
943	700
943	1870
945	1109
945	1143
951	573
952	26
952	721
952	856
952	952
952	1381
952	1534
952	1694
953	49
954	194
954	277
954	432
954	568
954	1025
954	1068
954	1431
954	1450
958	-1
958	92
958	172
958	292
958	479
958	1117
958	1266
958	1541
958	1632
959	122
959	959
960	2
960	67
960	178
960	230
960	277
960	322
960	380
960	383
960	396
960	398
960	479
960	493
960	518
960	551
960	557
960	572
960	718
960	751
960	832
960	838
960	905
960	993
960	1007
960	1027
960	1030
960	1035
960	1037
960	1052
960	1065
960	1121
960	1144
960	1204
960	1219
960	1266
960	1467
960	1554
960	31505
961	133
961	162
961	230
961	614
961	637
961	908
961	1309
961	1749
964	204
964	466
964	718
964	893
966	966
966	1470
966	1580
967	718
968	143
968	381
968	383
968	466
968	493
968	551
968	834
968	961
968	1065
968	1097
968	1153
968	1154
968	1193
968	1534
968	1749
968	1762
969	235
971	914
972	40
972	380
972	755
972	893
972	931
972	972
974	637
974	834
974	1161
974	1309
974	1632
974	1870
977	383
978	383
982	380
982	383
982	721
982	982
982	1213
982	1632
984	232
985	111
985	173
985	207
985	676
985	745
985	916
986	92
986	203
987	-1
987	1
987	5
987	147
987	179
987	194
987	195
987	245
987	380
987	383
987	398
987	404
987	419
987	432
987	493
987	519
987	565
987	578
987	672
987	755
987	905
987	982
987	1031
987	1065
987	1068
987	1078
987	1108
987	1135
987	1166
987	1254
987	1304
987	31505
988	-1
988	834
988	966
988	1744
990	637
990	1394
990	1463
990	1554
991	1108
993	52
993	186
993	383
993	727
993	781
993	788
993	908
993	993
993	1213
994	151
995	207
995	1036
995	446497
995	1384652
997	193
998	614
998	998
998	1161
999	30
999	92
999	116
999	268
999	298
999	396
999	402
999	525
999	673
999	751
999	810
999	1063
999	1084
999	428190
999	1384652
1000	486
1000	637
1000	1000
1000	1650
1000	1870
1005	726
1005	755
1005	1065
1006	1006
1007	-1
1007	887
1008	327
1008	563
1008	726
1008	1008
1008	1030
1008	1031
1009	122
1010	234
1010	1010
1010	1116
1010	20207
1011	137
1013	770
1013	1013
1016	373
1016	1016
1016	1218
1016	1220
1023	1384652
1024	25
1024	840
1025	193
1025	322
1025	733
1025	810
1025	1097
1025	1721
1025	1384652
1026	-1
1026	122
1026	163
1026	277
1026	292
1026	432
1026	525
1026	680
1026	727
1026	844
1026	1596
1026	1830
1028	-1
1028	432
1028	572
1028	1030
1030	116
1030	383
1030	571
1030	685
1030	834
1030	908
1030	914
1030	990
1030	1030
1030	1193
1030	1217
1030	1384652
1031	565
1034	25
1035	25
1035	122
1035	123
1035	257
1035	277
1035	288
1035	718
1035	782
1035	834
1035	923
1035	1538
1035	1651
1035	428190
1036	199
1036	755
1037	614
1037	672
1037	726
1037	770
1037	999
1037	1008
1037	1532
1037	1556
1037	1615
1037	1724
1039	832
1042	-1
1042	5
1042	214
1042	222
1042	257
1042	285
1042	522
1042	1042
1042	1075
1042	1078
1042	1122
1042	1163
1042	1169
1042	1356
1042	1455
1042	1541
1042	1693
1042	1703
1042	1743
1043	-1
1043	34
1043	40
1043	92
1043	115
1043	179
1043	234
1043	287
1043	337
1043	381
1043	396
1043	432
1043	748
1043	797
1043	841
1043	873
1043	906
1043	988
1043	1014
1043	1043
1043	1146
1043	1219
1043	1220
1043	1256
1043	1366
1043	1414
1043	1450
1043	1542
1043	1739
1043	1816
1043	1875
1046	447
1048	307
1048	1048
1050	116
1050	648
1053	61
1053	195
1053	432
1053	493
1053	519
1053	551
1053	905
1053	1019
1053	1063
1053	1190
1053	1888
1053	31505
1054	360
1054	1054
1055	111
1057	145
1057	189
1057	1384652
1058	1
1059	370
1060	514
1060	990
1060	1030
1060	1035
1060	1061
1060	1075
1060	1078
1060	1311
1060	1703
1060	1807
1060	1858
1061	1
1061	39
1061	571
1061	1368
1061	1430
1063	25
1063	44
1063	115
1063	302
1063	318
1063	327
1063	479
1063	572
1063	637
1063	905
1063	1220
1063	1378
1063	1632
1063	428190
1063	1384652
1065	61
1065	85
1065	95
1065	116
1065	254
1065	381
1065	383
1065	493
1065	528
1065	609
1065	982
1065	1084
1065	1097
1065	1228
1065	31505
1069	122
1069	406
1069	489
1069	797
1069	914
1069	982
1069	1068
1069	1078
1069	1190
1069	1193
1069	1213
1069	1394
1069	1414
1069	1463
1069	1638
1069	31505
1069	1384652
1071	614
1073	91
1073	637
1073	1078
1075	-1
1075	71
1075	91
1075	377
1075	380
1075	475
1075	572
1075	636
1075	718
1075	834
1075	1037
1075	1043
1075	1076
1075	1094
1075	1169
1075	1190
1075	1213
1075	1875
1075	31505
1075	428190
1075	1384652
1077	396
1077	462
1078	337
1078	503
1078	631
1078	636
1078	1078
1078	1108
1078	1630
1078	1734
1082	1076
1083	51
1083	83
1084	288
1084	326
1084	432
1084	1084
1084	1245
1084	1556
1084	31505
1085	966
1085	1703
1087	145
1087	432
1087	572
1087	614
1087	1149
1088	266
1094	93
1094	383
1094	718
1094	1006
1094	1075
1094	1703
1095	1035
1097	285
1097	358
1097	572
1097	1097
1100	466
1100	889
1100	988
1100	1097
1103	72
1104	116
1104	565
1104	614
1104	834
1104	1030
1104	1075
1104	1104
1104	1116
1104	1554
1104	1615
1104	1384652
1105	1007
1107	91
1107	372
1107	572
1107	1185
1107	1193
1108	1108
1109	-1
1109	22
1109	26
1109	58
1109	85
1109	137
1109	266
1109	292
1109	659
1109	1043
1109	1109
1109	1290
1109	1512
1109	1622
1109	1228206
1109	1384652
1111	1111
1111	1632
1112	1121
1114	85
1115	459
1115	672
1115	1109
1116	25
1116	96
1116	834
1116	1116
1116	1394
1116	1384652
1117	-1
1117	26
1117	90
1117	105
1117	123
1117	354
1117	423
1117	432
1117	571
1117	702
1117	877
1117	905
1117	906
1117	912
1117	1037
1117	1077
1117	1117
1117	1130
1117	1178
1117	1212
1117	1220
1117	1233
1117	1254
1117	1463
1117	1469
1117	1512
1117	1554
1117	1599
1117	1734
1117	1752
1117	1795
1117	1816
1120	61
1121	1061
1121	1121
1122	203
1122	234
1122	383
1122	503
1122	572
1122	982
1122	1135
1122	1178
1122	1190
1122	1245
1122	31505
1123	1037
1123	1703
1124	33
1124	83
1124	116
1124	437
1124	538
1124	718
1124	834
1124	999
1124	1124
1124	1190
1124	1212
1124	1370
1124	1455
1124	1483
1126	837
1130	1130
1131	1144
1131	1175
1131	1182
1133	580
1133	1013
1135	318
1135	380
1135	1135
1135	31505
1137	25
1137	91
1137	571
1142	44
1142	755
1142	1142
1143	337
1143	380
1143	988
1143	1384652
1144	61
1144	184
1144	234
1144	718
1144	1144
1144	1381
1145	525
1145	1145
1146	-1
1146	112
1146	737
1146	861
1146	912
1147	571
1148	889
1149	1149
1150	572
1150	988
1154	305
1154	350
1154	479
1154	672
1154	810
1154	834
1154	990
1154	1116
1154	1154
1154	1175
1154	1212
1154	1213
1154	1219
1154	1228
1154	1368
1157	573
1161	1161
1163	1163
1165	1094
1165	1116
1166	1166
1167	92
1168	834
1168	982
1168	1000
1168	1075
1168	3180
1169	90
1169	91
1169	376
1169	1169
1169	1888
1172	31505
1174	50
1174	86
1174	837
1175	25
1175	136
1175	202
1175	311
1175	322
1175	479
1175	718
1175	1043
1175	1536
1175	1554
1175	1556
1175	1130097
1175	1384652
1178	372
1178	993
1179	58
1179	432
1179	1185
1182	1182
1185	41
1185	305
1185	354
1185	396
1185	479
1185	493
1185	637
1185	722
1185	750
1185	767
1185	770
1185	834
1185	895
1185	1030
1185	1075
1185	1077
1185	1185
1185	1219
1185	1220
1185	1450
1185	1556
1185	1795
1190	1
1190	25
1190	123
1190	383
1190	479
1190	841
1190	1185
1190	1190
1190	1220
1190	1266
1190	1368
1190	1394
1190	1470
1190	1703
1190	1721
1190	1795
1192	322
1192	551
1192	1016
1192	1166
1192	1228
1193	1193
1193	1895
1194	149
1194	383
1194	1341
1195	172
1195	322
1195	917
1195	1217
1196	383
1197	17
1199	430
1199	1007
1199	1366
1199	1448
1200	41
1200	115
1200	314
1200	1006
1200	1581
1206	1185
1208	203
1208	466
1208	573
1208	763
1208	834
1208	906
1208	1078
1208	1220
1208	1378
1212	1075
1212	1492
1213	1213
1213	1370
1213	1744
1219	-1
1219	39
1219	49
1219	91
1219	117
1219	264
1219	373
1219	383
1219	543
1219	672
1219	914
1219	1078
1219	1116
1219	1144
1219	1190
1219	1219
1219	1220
1219	1430
1219	1463
1219	1683
1219	1734
1220	-1
1220	1
1220	51
1220	116
1220	122
1220	147
1220	149
1220	194
1220	203
1220	337
1220	372
1220	383
1220	479
1220	519
1220	528
1220	571
1220	805
1220	841
1220	1097
1220	1116
1220	1154
1220	1190
1220	1208
1220	1212
1220	1220
1220	1226
1220	1368
1220	1450
1220	1384652
1223	259
1223	572
1223	659
1223	1223
1225	466
1225	567
1225	718
1226	571
1226	572
1226	637
1226	718
1227	115
1227	322
1227	572
1227	878
1227	1339
1227	1378
1228	64
1228	203
1228	326
1228	380
1228	466
1228	572
1228	750
1228	900
1228	912
1228	987
1228	1030
1228	1078
1228	1097
1228	1154
1228	1190
1228	1212
1228	1220
1228	1226
1228	1228
1231	750
1233	17
1233	51
1233	447
1233	636
1233	834
1233	1339
1233	1351
1233	1358
1233	1463
1233	1635
1233	1491425
1236	123
1236	381
1236	466
1236	973
1236	1185
1236	1304
1238	25
1238	637
1238	1254
1244	90
1244	122
1244	1378
1245	1245
1247	266
1247	276
1247	1247
1247	1734
1247	1793
1248	115
1249	109
1249	255
1249	337
1249	373
1249	396
1249	431
1249	1185
1249	1224
1249	1266
1253	337
1254	299
1254	337
1254	1078
1254	1117
1254	1169
1254	1254
1254	1346
1254	1659
1254	1734
1256	209
1256	973
1256	1632
1261	92
1263	1263
1264	547
1265	-1
1265	48
1265	55
1265	61
1265	116
1265	305
1265	381
1265	384
1265	572
1265	961
1265	1043
1265	1219
1265	1396
1266	25
1266	81
1266	91
1266	116
1266	383
1266	1014
1266	1266
1266	1651
1269	1083
1269	1269
1276	288
1276	371
1276	990
1276	1083
1276	31505
1278	31505
1290	507
1290	1290
1291	1185
1291	1223
1291	1368
1291	1753
1293	571
1295	1744
1297	203
1297	277
1297	354
1297	466
1297	1122
1297	1144
1297	1284
1297	1360
1297	1744
1302	990
1304	1
1304	1007
1308	567
1308	770
1309	718
1309	1153
1310	1
1310	22
1310	25
1310	429
1310	506
1310	1104
1310	1161
1310	1310
1310	1793
1311	149
1311	170
1311	179
1311	195
1311	381
1311	432
1311	479
1311	572
1311	1370
1311	1470
1311	1693
1311	1702
1314	987
1314	1632
1316	810
1316	1680
1316	1749
1317	730
1317	872
1317	1309
1318	25
1318	1309
1318	1311
1318	1318
1318	1339
1318	1795
1319	370
1322	437
1322	479
1322	854
1323	117
1323	340
1323	648
1323	770
1327	234
1327	322
1327	1309
1327	1366
1331	1311
1334	354
1334	1108
1334	1373
1336	91
1336	572
1336	810
1337	92
1337	117
1337	219
1337	381
1337	406
1337	1384652
1338	25
1338	381
1338	565
1338	627
1338	999
1338	1414
1339	466
1339	571
1340	466
1340	1030
1341	46
1341	299
1341	627
1341	1194
1341	1220
1341	1341
1343	432
1343	912
1343	1078
1343	1734
1344	50
1344	103
1344	116
1344	145
1344	172
1344	314
1344	322
1344	362
1344	384
1344	572
1344	619
1344	730
1344	1247
1344	1344
1344	1407
1344	1470
1344	1516
1344	1622
1344	1703
1344	3180
1344	1384652
1346	568
1347	137
1347	195
1347	318
1347	572
1347	637
1347	750
1347	1117
1347	1339
1347	1378
1347	1630
1347	1384652
1349	572
1349	1030
1351	1351
1353	122
1353	1309
1353	1556
1357	886
1358	17
1358	61
1358	184
1358	636
1358	1075
1358	1266
1358	1635
1358	1948
1360	718
1360	1360
1360	1384652
1361	568
1363	702
1365	1752
1365	1795
1366	1366
1366	1378
1366	1650
1367	33
1367	194
1367	381
1367	446
1367	568
1367	1077
1367	1327
1367	1366
1367	1744
1368	722
1368	1368
1368	1556
1369	445
1370	-1
1370	25
1370	61
1370	184
1370	337
1370	619
1370	722
1370	1144
1370	1343
1370	1368
1370	1370
1370	1450
1370	1455
1370	1629
1370	1659
1370	1666
1370	1693
1370	1739
1370	1797
1372	730
1373	233
1373	810
1373	1219
1373	1373
1376	841
1381	1381
1382	133
1382	1185
1384	137
1384	1599
1384	1384652
1388	878
1389	770
1389	1256
1389	1659
1390	51
1393	730
1393	1185
1396	1396
1396	1384652
1397	466
1397	1378
1398	1
1398	381
1398	466
1398	572
1398	1219
1398	1888
1398	1895
1403	1117
1403	1491425
1404	1448
1407	58
1407	481
1407	1407
1409	25
1409	479
1409	863
1409	914
1409	1030
1409	1632
1409	1836
1409	3180
1412	25
1412	117
1412	381
1412	573
1412	1412
1412	1693
1412	1813
1414	86
1414	322
1414	834
1414	990
1414	1185
1414	1414
1414	1749
1414	1384652
1416	-1
1416	116
1418	1418
1419	730
1421	-1
1421	565
1421	849
1421	1030
1421	1370
1421	1649
1424	-1
1425	40
1425	58
1425	131
1428	204
1428	722
1428	1556
1428	1130097
1430	72
1430	115
1430	796
1430	1430
1430	1622
1431	571
1431	637
1431	763
1431	1431
1432	849
1432	872
1433	1078
1433	1219
1433	1271
1436	72
1436	479
1436	489
1436	556
1436	1256
1436	1368
1436	1436
1436	1554
1436	27687
1438	75
1438	117
1438	518
1438	527
1438	680
1438	872
1438	1247
1440	567
1441	648
1441	672
1441	730
1441	1339
1441	1467
1447	173
1448	116
1448	202
1448	572
1448	742
1448	814
1448	916
1448	1063
1448	1068
1448	1448
1448	1384652
1449	432
1450	1247
1450	1353
1450	1450
1450	1470
1450	1557
1453	1271
1453	1384652
1455	202
1455	565
1455	1455
1455	1632
1455	1693
1461	-1
1461	184
1462	1266
1463	314
1463	1463
1464	86
1466	381
1467	1323
1467	1836
1467	31505
1471	172
1471	381
1471	1772
1472	1
1472	311
1472	814
1472	1190
1472	1370
1472	1615
1472	48281
1474	873
1476	1323
1476	1536
1476	1813
1477	1491425
1478	1478
1480	1169
1482	1477
1483	373
1483	637
1483	1477
1484	672
1486	1247
1490	39
1490	64
1490	441
1490	1100
1490	1490
1490	1573
1490	1807
1491	-1
1491	479
1491	813
1491	883
1491	1043
1491	1117
1491	1344
1491	1450
1491	1511
1491	1536
1491	1615
1491	1881
1491	3180
1492	91
1492	466
1493	327
1497	91
1497	1378
1500	318
1504	117
1506	572
1508	40
1508	1228
1508	1254
1511	1511
1513	40
1516	1556
1517	91
1518	905
1521	184
1521	1521
1527	25
1527	1266
1529	39
1529	1078
1531	92
1532	64
1532	314
1532	1556
1532	1384652
1533	285
1533	834
1533	1223
1533	1463
1534	117
1534	1266
1534	1596
1536	748
1536	1536
1536	1384652
1538	268
1538	357
1538	396
1538	1323
1538	1599
1541	381
1542	722
1542	1632
1542	1807
1542	1384652
1545	230
1545	556
1545	1117
1545	1368
1545	1436
1545	1545
1546	914
1546	1075
1546	1521
1546	1830
1547	722
1549	92
1549	194
1549	1588
1553	1256
1553	1516
1553	1556
1554	-1
1554	83
1554	383
1554	718
1554	886
1554	1100
1554	1117
1554	1154
1554	1185
1554	1256
1554	1368
1554	1554
1554	27687
1554	31505
1556	381
1556	1370
1556	1693
1557	235
1557	834
1557	917
1557	1190
1559	33
1559	100
1559	380
1559	439
1559	905
1559	940
1559	1154
1559	1271
1560	31505
1565	722
1569	369
1569	1632
1572	91
1572	905
1574	1693
1577	722
1577	1078
1577	1117
1577	1463
1577	1554
1577	1680
1578	116
1578	194
1578	381
1578	1366
1580	1703
1581	1581
1585	430
1585	522
1585	3180
1588	1130097
1588	1384652
1592	448
1592	1117
1592	1521
1596	1596
1597	271
1597	1816
1598	1384652
1599	-1
1599	184
1599	1599
1600	-1
1600	95
1600	121
1600	194
1600	361
1600	369
1600	556
1600	563
1600	637
1600	708
1600	745
1600	770
1600	873
1600	883
1600	1043
1600	1144
1600	1233
1600	1323
1600	1463
1600	1659
1600	1703
1600	1720
1602	83
1602	745
1611	-1
1611	1536
1611	1721
1611	1776
1611	1870
1611	242853
1612	26
1612	122
1612	274
1612	307
1612	872
1612	1536
1614	184
1614	1615
1614	1130097
1615	184
1616	230
1616	369
1618	61
1618	1370
1618	1632
1621	961
1621	1621
1621	1632
1626	173
1627	838
1627	1703
1629	396
1629	398
1629	838
1629	1762
1630	91
1630	1630
1630	1632
1632	184
1632	292
1632	1077
1632	1693
1632	1384652
1633	92
1633	204
1633	479
1633	745
1633	1013
1633	1430
1633	1492
1633	14446
1635	17
1635	1245
1635	1351
1635	1463
1635	1635
1635	1848
1635	1384652
1644	91
1644	391
1645	184
1646	1541
1648	888
1648	1739
1648	1836
1649	292
1649	447
1649	1693
1650	1795
1651	1646
1651	1651
1654	547
1654	722
1659	-1
1659	116
1659	203
1659	430
1659	446
1659	486
1659	493
1659	626
1659	708
1659	745
1659	784
1659	1006
1659	1108
1659	1190
1659	1407
1659	1414
1659	1615
1659	1630
1659	1649
1659	1659
1659	1683
1659	1693
1659	1703
1659	1721
1659	1767
1659	1875
1659	1888
1659	31505
1665	396
1665	1665
1665	1680
1666	1632
1666	1650
1666	1665
1666	1870
1667	1615
1675	33
1675	1870
1677	-1
1677	31505
1677	1130097
1682	1680
1690	31505
1693	257
1693	292
1693	1665
1693	1703
1693	1848
1694	199
1694	1144
1694	1448
1695	61
1695	274
1695	1108
1695	1541
1695	1870
1695	1895
1697	653
1697	1632
1698	770
1702	307
1702	1384652
1703	982
1703	1006
1703	1650
1709	406
1709	572
1709	614
1709	1431
1709	1599
1709	1693
1709	1703
1709	1720
1709	1870
1710	364
1710	718
1710	788
1710	905
1710	982
1710	1762
1710	1888
1710	27687
1713	149
1713	527
1713	831
1719	1752
1720	782
1720	1512
1725	1703
1726	1245
1726	1666
1726	1694
1727	1727
1729	1703
1730	765
1730	834
1730	1000
1730	1870
1737	1724
1738	194
1739	1739
1739	1744
1741	1702
1743	1743
1747	572
1747	1492
1747	1693
1749	1749
1749	1491425
1750	26
1750	61
1750	1702
1752	373
1752	1463
1752	1752
1758	1212
1762	1204
1762	1762
1763	58
1763	571
1764	406
1769	1030
1769	1193
1769	1414
1769	1769
1769	1772
1769	1816
1771	59
1771	1771
1772	565
1772	1772
1776	-1
1776	194
1776	619
1776	1351
1776	1469
1776	1632
1776	1753
1776	1772
1776	1776
1776	1813
1781	1108
1781	1836
1781	242853
1782	31505
1786	396
1786	1414
1786	1463
1790	184
1793	1793
1795	5
1795	396
1795	571
1795	1224
1795	1463
1795	1534
1795	1795
1796	373
1796	392
1797	116
1797	322
1797	361
1797	1043
1797	1190
1797	1323
1797	1632
1797	1670
1797	1807
1797	1841
1797	1384652
1799	1366
1799	1743
1807	163
1807	311
1808	31505
1809	292
1809	1772
1810	1375
1810	1658
1812	383
1812	1703
1813	-1
1813	459
1813	736
1813	1538
1813	1733
1813	1795
1816	573
1816	1006
1816	1375
1816	1873
1818	-1
1818	1194
1820	86
1820	1353
1820	1769
1820	1772
1821	91
1821	1841
1829	380
1830	381
1830	1703
1831	565
1834	565
1836	1463
1841	1841
1846	1223
1846	1813
1848	257
1848	1339
1848	1776
1849	565
1849	1036
1849	1384652
1854	-1
1855	194
1855	863
1855	982
1855	1693
1862	518
1862	1370
1862	1469
1862	1693
1866	718
1867	1795
1870	479
1870	486
1870	1512
1870	1848
1870	1870
1873	1873
1876	292
1877	447
1877	1588
1877	446497
1879	-1
1881	1744
1881	1881
1882	398
1882	968
1882	1629
1886	117
1886	470
1886	838
1886	1650
1886	1666
1886	1886
1886	1888
1886	1890
1886	31505
1888	718
1888	1463
1891	1875
1895	396
1895	1895
1896	1670
1897	92
1900	192
1904	26
1904	383
1904	1000
1904	1013
1908	64
1908	1414
1909	1075
1910	823
1912	25
1912	1588
1917	219
1920	406
1920	1339
1921	1744
1922	567
1935	1596
1938	290
1942	92
3180	813
3180	3180
3378	779
3582	268
11944	192
11944	486
12081	25
12081	92
12081	322
12081	702
12081	982
12081	1108
12081	31505
14446	33
14446	40
14446	1659
14446	14446
17398	1384652
31505	377
31505	383
31505	396
31505	521
31505	784
31505	31505
31505	1384652
37740	1309
37740	1384652
108465	116
108465	173
108465	522
108465	568
108465	916
108465	108465
108465	1384652
130591	567
146270	72
146270	133
146270	274
146270	371
146270	509
146270	525
146270	560
146270	571
146270	770
146270	834
146270	886
146270	31505
146637	30
146637	37
146637	48
146637	59
146637	103
242853	722
242853	854
242853	916
242853	1266
242853	1448
242853	1516
242853	1556
242853	1130097
309844	75
309844	116
309844	394
309844	406
309844	483
309844	547
309844	634
309844	637
309844	706
309844	711
309844	745
309844	770
309844	1384652
382494	637
428190	296
428190	547
428190	572
428190	673
428190	736
428190	810
428190	1463
428190	428190
436255	572
446497	384
446497	572
446497	745
446497	1870
446497	1384652
452120	861
1130097	1554
1130097	1130097
1164871	877
1164871	31505
1165750	1344
1199387	194
1199387	358
1199387	375
1199387	453
1199387	534
1199387	659
1199387	889
1199387	982
1199387	1384652
1228206	373
1228206	383
1384652	58
1384652	59
1384652	91
1384652	92
1384652	131
1384652	230
1384652	269
1384652	277
1384652	287
1384652	307
1384652	342
1384652	358
1384652	377
1384652	384
1384652	396
1384652	404
1384652	454
1384652	514
1384652	518
1384652	568
1384652	770
1384652	784
1384652	796
1384652	1384652
1448983	1384652
1525924	133
1525924	849
